Id,Class
75xUGovrLMWa4tI0XJNV,3
DpzmuIrsG4BJwvKACP8k,3
IeUzdiJxAXMEt6NvHV9K,3
0MpJYhdbf8T7InoqcXr1,3
gsqykQJmjZ9FdXMeYoNa,3
j4Corx2uKJydnTRwmOYg,3
4TmkY68NvzbcRIuOACK0,3
1u3qTGiRvckQZW7dBY58,3
bIhCLfBGkE3UYrJQcS14,2
67RMbxiLz1OgnVYSElPH,2
4z08revYiu6d7aZMTPQL,3
0J2pOclDKjadkL57eroz,3
aiMKVfemDq61JY94T8I7,3
KBV7bhMZ0tNApmdnyYqF,2
KNP2ROq6J8YEcmyrtSjV,2
7mGrwqj2tdfEuNDn4gVR,3
H6ybDOrvej4UfdInC92M,3
8n5PsCW2QZgde4NuFySL,3
cMvOmIQpRPnhUTKjHgyA,3
4ptqSb3TiCxXKn1eVWor,2
kfgxDSAKF7tJqEwP4T10,2
iG2A63TItNdQ1XZyuLas,3
EP9AsWcOiSynxjdrlp7w,3
j5V8KdXkywtlSHNPCBcx,3
7RwQrPuUbtMo2HzkvXps,2
5ME0AcvDafIXHtFJxwri,3
6WoydrPp0u9ZgiwaKnY1,3
JIPoNu820rbAGE4zcqaT,2
k0WuAH9EPzeBGTc8YVjf,2
KpZPrI7J5a8wVcxXfNqe,2
ET2AayjsGuUHkY43mFx9,2
5t6pDKTJ2Pw0fxQiEjbo,2
cYB3ouJ9iMjNUkTa20vy,2
baoYfR8qZlcnAQ3dH6t5,2
Izbos3ZTyWKju6k514NY,2
6cJ4OV1TGifn92SCPNEA,2
hTWBq5QXgOm0eKV9ktRu,2
hIrP6UL0jT5AsmaqidBX,2
8ITycVmn7jY6AGDL2vep,2
FPX8CW9NolmqKYbh3nVt,2
ju23GQl4DYFVeNwc85ka,1
fRLS3aKkijp4GH0Ds6Pv,1
g6WEbHmcKApIY3rsZqzo,1
FHp4XckLR2vVlaEmw6gd,1
42KmWtQBnkgxcUPvhMGu,1
a9oIzfw03ED4lTBCt52Y,1
ABKYP6wsn83SD2N91ICV,1
5PutEYBseLzSyT4mdpIb,1
80G5QtOzNdR9CVxTJ3Uv,1
6TcBvxAgWEJNjLeGPoQi,1
DhzFERM3B61lSmNP2JTZ,1
iEQqVxmbcTeIASF5fBjK,1
CSd9xghUeLkpPtcwJKIq,1
j8FwWsmQaJ6ryRVPY37G,1
Al93Uy2JIpX5ikTNLj1d,1
JRgoPbLy2GVQzsUdKmkj,1
JI3ESrZoxtwm8kfdQ2UC,1
6SHqMnAlwd79OrYL50Ti,1
APHtWI0Cm8T2yK9ZeBFM,1
BPrg59GQvk3RuosWJiOt,1
9iYImqyT3bRtC7VjhxKA,8
Fe0RwyGuONtrH5mJpAx6,8
jDUlGX1nR7eadfkBEoLx,8
AnLTgxmeksSPClNiQMJv,8
HWSeXqDjk4pg61FyBTPC,8
1YBJRhWOvlpHx79EMf2I,8
7o5WIv30JPjRy1LHQbGq,8
BKt5UQleYWvJrx4N9R62,8
6bqeRU05pPKuGxQ7NEkO,8
HS5pR6yKE9OfDvUu2toW,8
HG36dvEWlMhRoN9mwyZB,8
0zr6vIw74DgVSKXiRUY1,8
HfMdBXIbuSaZxGT5W4h1,8
J8EvIQbVSYOXxKC4wgd5,8
2cf8jvWxmkMu6s10zbqN,8
1EDNRfXhHWl7txAOdycU,9
eF5UtAWbwBrYJlRVpNIk,8
Cvi1y2efF0AhORZ75uNK,8
gutpXNfdSFbzG9wB7KM1,9
1hAQV0ebMLSgy4ktpfoC,8
9joLAv30xuTSM4fqNbJZ,8
HFyT4lU2KtEZfXP3xYV6,9
hIDK0p1PAiJdL87CzG69,8
db03PLecsviEz6TMZCSn,9
FyVRginQdtTpSj14k5hf,6
geWrd0Rkc2AsuVBJESwi,6
cFa4U6xqeVW7liJzMQk0,9
8uLBi1sUnKQoVyYCW0SP,6
clDmndwYzEaRtyrQusUJ,6
69I7oy5WLUckT1ZlPVCn,6
6CsTIZDSEdqNzi5tOKBo,9
JnX9eYfjBik8KzyGE7sM,6
Gy1oZCVBQMzrF2WjKp3g,6
8J209kMCyFvWuInbYcio,9
JyBvMAZbhIprolF8HNe6,9
bI3lF0LxVd69TQoWM5jr,9
CG8yAbuJhMZkn096zFjr,6
jYWpNLrtc2ns0kMizPgX,6
60IMC2mZxkljd1pQnw3J,9
81hixSwVrAuGKNc3CLMX,9
K8oHqBcZmDrvwJP5UpOt,6
esaXkil2E04B7Y1ypNwK,6
I1eauWn7x5lPLR2rQoF8,9
HJEl5j7Rz0OgarybNnh3,6
4kapgYs3Iv6ofKEn7DyC,9
gPz42XwWbl7JVAQytYxT,6
AK8ZjCh1nXIzygf2s3Tv,6
CdYceuLQB6SEz03mNGbD,9
fo0PHYXFKAC4mTi7NQI3,6
3nowFMmKJAkiNs8CaGVb,4
4Nxt0uDWz8f6YpPqCTM5,9
aiIz8JfYMyPvA4SG6HUO,9
eoYx592qRyF10HBdaJ8L,4
1A7UqoIMrxHgVuW3FS9c,6
D0FvmACsaLoJViOk3ybX,9
eOvS6EBmctN4K3guC15k,4
61ZG4u8AIUrOMNRYf0sC,9
HFQTfjJp98VMhYeBrkmd,4
HC1UgrS8istEpO0A7avX,4
egLap5DYlIPH1FvB69Gi,6
Atpz1WjXkcIo7l5TPh9Y,4
68QZolTBeOXR9jVxbsp7,9
firgjUSwdqCOTFeAK5xu,9
Ewi4DkoMZnX32pfdhRem,6
k4x01p8qFl7i5tbSBDJf,4
97o6x4ZILtD8bJsd0EQ1,4
Auv9HCxOZViJnjMaSIt0,6
dvPzx04ftaoVyH1RDnTr,6
FOCwBfNrL3562sRglxZc,4
eGwk8W6m4NIzsAaHvfx3,4
GLrQbRUluV0qzahkDEms,4
FdPwzJ95fRp1LGceAEWI,4
JBEzM0ZsuWaDt8bLypPv,4
CUw6LiRTAg0ZVM8X4p3P,7
Erlut8aMiL1F5YsjO4GS,4
A8hKH57o1Fj0ZgI4q9QX,4
0M7aSiE9csDzkmfKheVt,7
GV7WShk4vjpiKqbEBgsr,4
aWKIv5xOEzt6snd83MeN,4
6GRw1oqBOEjgbYI093UA,4
ELuV9FA7IjKXR52NrokU,7
7Ebd8M0gDHBRIjFvr6SQ,4
1FAxSngsym35phwROGl0,7
jTgCQwsHRJMLbVrZYxe3,7
bMZdDnzxyquvFwS8J6KI,7
gQYxTl9UmRDKqIMBkOV5,7
i2LJZ9r8EQXCk04I1GUe,7
2qSURceVYgQEhOFAdPXC,4
2xlhAE5LO8RFfczB6ep3,7
cuQANt4oBpMzmYKRkGf6,7
aXnIKb9Cpyd8iPrZ4qm3,7
FNRvlymt10cLEBADOj9u,7
DpNvYX1qedHLiQnRhF98,7
4Eo8QvuZFWCBR6i0rhs7,7
kIpOXia5GrTjeNzV9K13,7
L0xnGubfYwOPpQAgVNvo,7
Hg89VOKL6ZYk5oSC4cMU,7
d0jkP2OD83C4AmzKtE9g,7
bJvcld8YQ9OxDAnwtSfp,7
9dbFYQ1xN2cm7pSPMhnL,7
7cyYPthi5KmvXEs2NkRj,5
gB105vrJPbcGCtuj7p4a,5
FdiEeV3N8WtUSXjmcrxo,5
AeCXyFRcU2SsgvVTpMzi,5
Fnda3PuqJT6Ep5vjOWCk,5
EB0d2fJGLHam1tQCUDWu,5
Dj3FqX9IAHco2tG1UOZS,5
5tMCNKDogQ2x7zwUbpcZ,5
3zZpqyclD9B2v5Qas18m,5
2aHfrLhcPTj5GnFZXUCN,5
FsirpP0oDwXeAzC2KndG,5
8wm2jYBqV30okUMfuDCd,5
1KB3Z7gd5aN4Xmx8W0sf,5
2pwjzv6eGEb8QmHPfxSc,5
